ticker,description,sector
ALMU,AELUMA INC COM,Unlabeled
GLUC,GLUCOSE HEALTH INC COM,Unlabeled
RGBP,REGEN BIOPHARMA INC COM,Unlabeled
TLPH,TALPHERA INC COM,Unlabeled
UNRVD,BLUM HOLDINGS INC COM,Unlabeled
VPAHF,VOLPARA HEALTH TECH LTD COM,Unlabeled
WXIBF,WUXI BIOLOGICS (CAYMAN) INC COM,Unlabeled
ZHYBF,ZHONG YUAN BIO TECHNOLOGY HLDG COM,Unlabeled
ZLDAF,ZELIRA THERAPEUTICS LTD COM,Unlabeled
AEMD,AETHLON MEDICAL INC COM,Health Care Equipment & Supplies
APYX,APYX MEDICAL CORPORATION COM,Health Care Equipment & Supplies
ARAY,ACCURAY INCORPORATED COM,Health Care Equipment & Supplies
AVGR,AVINGER INC COM,Health Care Equipment & Supplies
AXDX,ACCELERATE DIAGNOSTICS INC COM,Health Care Equipment & Supplies
BEAT,HEARTBEAM INC COM,Health Care Equipment & Supplies
BFLY,BUTTERFLY NETWORK INC COM CL A,Health Care Equipment & Supplies
BIOL,BIOLASE INC COM,Health Care Equipment & Supplies
BJDX,BLUEJAY DIAGNOSTICS INC COM,Health Care Equipment & Supplies
BMRA,BIOMERICA INC COM,Health Care Equipment & Supplies
CHEK,CHECK-CAP LTD COM,Health Care Equipment & Supplies
COCH,ENVOY MEDICAL INC COM CL A,Health Care Equipment & Supplies
CODX,CO DIAGNOSTICS INC COM,Health Care Equipment & Supplies
CTSO,CYTOSORBENTS CORP COM,Health Care Equipment & Supplies
CUTR,CUTERA INC COM,Health Care Equipment & Supplies
DCTH,DELCATH SYSTEMS INC COM,Health Care Equipment & Supplies
DRTS,ALPHA TAU MEDICAL LTD COM,Health Care Equipment & Supplies
DYNT,DYNATRONICS CORP COM,Health Care Equipment & Supplies
EAR,EARGO INC COM,Health Care Equipment & Supplies
EKSO,EKSO BIONICS HOLDINGS INC COM,Health Care Equipment & Supplies
EMITF,ELBIT IMAGING LTD COM,Health Care Equipment & Supplies
FEMY,FEMASYS INC COM,Health Care Equipment & Supplies
HYPR,HYPERFINE INC COM CL A,Health Care Equipment & Supplies
ICCM,ICECURE MEDICAL LTD CAESAREA COM,Health Care Equipment & Supplies
ICU,SEASTAR MED HL COM,Health Care Equipment & Supplies
IINN,INSPIRA TECHNOLOGIES COM,Health Care Equipment & Supplies
INVO,INVO BIO SCIENCE INC COM,Health Care Equipment & Supplies
IRIX,IRIDEX CORP COM,Health Care Equipment & Supplies
KRMD,KORU MEDICAL SYSTEMS INC COM,Health Care Equipment & Supplies
LGMK,LOGICMARK INC COM,Health Care Equipment & Supplies
LNSR,LENSAR INC COM,Health Care Equipment & Supplies
LUCD,LUCID DIAGNOSTICS INC COM,Health Care Equipment & Supplies
MBOT,MICROBOT MEDICAL INC COM,Health Care Equipment & Supplies
MDAI,SPECTRAL AI INC COM CL A,Health Care Equipment & Supplies
MDGS,MEDIGUS ADR,Health Care Equipment & Supplies
MGRM,MONOGRAM ORTHOPAEDICS INC COM,Health Care Equipment & Supplies
MLSS,MILESTONE SCIENTIFIC INC COM,Health Care Equipment & Supplies
MODD,MODULAR MEDICAL INC COM,Health Care Equipment & Supplies
MOTS,MOTUS GI HOLDINGS INC COM,Health Care Equipment & Supplies
MYO,MYOMO INC COM,Health Care Equipment & Supplies
NAOV,NANOVIBRONIX INC COM,Health Care Equipment & Supplies
NDRA,ENDRA LIFE SCIENCES INC COM,Health Care Equipment & Supplies
NMTC,NEUROONE MEDICAL TECH CORP COM,Health Care Equipment & Supplies
NRXS,NEURAXIS INC COM,Health Care Equipment & Supplies
NURO,NEUROMETRIX INC COM,Health Care Equipment & Supplies
NVIV,INVIVO THERA HLDGS COM,Health Care Equipment & Supplies
NVNO,ENVVENO MEDICAL CORP COM,Health Care Equipment & Supplies
OM,OUTSET MEDICAL INC COM,Health Care Equipment & Supplies
OSA,PROSOMNUS INC COM,Health Care Equipment & Supplies
PAVM,PAVMED INC COM,Health Care Equipment & Supplies
PETV,PETVIVO HLDGS INC COM,Health Care Equipment & Supplies
POAI,PREDICTIVE ONCOLOGY INC COM,Health Care Equipment & Supplies
POSC,POSITRON CORP COM,Health Care Equipment & Supplies
RWLK,REWALK ROBOTICS LTD COM,Health Care Equipment & Supplies
SCND,SCIENTIFIC INDUSTRIES INC COM,Health Care Equipment & Supplies
SENS,SENSEONICS HOLDINGS INC COM,Health Care Equipment & Supplies
SGHT,SIGHT SCIENCES INC COM,Health Care Equipment & Supplies
SRTS,SENSUS HEALTHCARE INC COM,Health Care Equipment & Supplies
SSII,SS INNOVATIONS INTERNATIONAL COM,Health Care Equipment & Supplies
SSKN,STRATA SKIN SCIENCES INC COM,Health Care Equipment & Supplies
STIM,NEURONETICS INC COM,Health Care Equipment & Supplies
STXS,STEREOTAXIS INC COM,Health Care Equipment & Supplies
TIVC,TIVIC HEALTH SYSTEMS INC COM,Health Care Equipment & Supplies
TNON,TENON MEDICAL INC COM,Health Care Equipment & Supplies
UTRS,MINERVA SURGICAL INC COM,Health Care Equipment & Supplies
VANI,VIVANI MEDICAL COM,Health Care Equipment & Supplies
VAPO,VAPOTHERM INC COM,Health Care Equipment & Supplies
VERO,VENUS CONCEPT INC COM,Health Care Equipment & Supplies
VTAK,CATHETER PRECISION INC COM,Health Care Equipment & Supplies
XAIR,BEYOND AIR INC COM,Health Care Equipment & Supplies
ARTH,ARCH THERAPEUTICS INC COM,Health Care Equipment & Supplies
BVS,BIOVENTUS INC COM CL A,Health Care Equipment & Supplies
CERS,CERUS CORP COM,Health Care Equipment & Supplies
MHUA,MEIHUA INTL MED TECHNOLOGIES COM,Health Care Equipment & Supplies
NSPR,INSPIREMD INC COM,Health Care Equipment & Supplies
NXGL,NEXGEL INC COM,Health Care Equipment & Supplies
RMTI,ROCKWELL MEDICAL INC COM,Health Care Equipment & Supplies
RVP,RETRACTABLE TECHNOLOGIES INC COM,Health Care Equipment & Supplies
SHWGY,SHANDONG WEIGAO GROUP MEDICAL ADR UNSPONSORED,Health Care Equipment & Supplies
SIEN,SIENTRA INC COM,Health Care Equipment & Supplies
VNRX,VOLITIONRX LIMITED COM,Health Care Equipment & Supplies
XTNT,XTANT MEDICAL HLDGS INC COM,Health Care Equipment & Supplies
ZTEK,ZENTEK LTD COM,Health Care Equipment & Supplies
AHG,AKSO HEALTH GROUP ADR,Health Care Providers & Services
BIMI,BIMI INTERNATIONAL MEDICAL INC COM,Health Care Providers & Services
COSM,COSMOS HEALTH INC COM,Health Care Providers & Services
GEG,GREAT ELM GROUP INC COM,Health Care Providers & Services
VRAX,VIRAX BIOLABS GROUP LTD COM,Health Care Providers & Services
AIH,AESTHETIC MEDICAL INTL HLDGS G ADR,Health Care Providers & Services
AMS,AMER SHARED HOSPITAL SERVICES COM,Health Care Providers & Services
AVAH,AVEANNA HEALTHCARE HLDGS INC COM,Health Care Providers & Services
BDSX,BIODESIX INC COM,Health Care Providers & Services
CCM,CONCORD MEDICAL SE ADR SPONSORED,Health Care Providers & Services
CLRD,CLEARDAY INC COM,Health Care Providers & Services
CNTG,CENTOGENE NV COM,Health Care Providers & Services
CORBF,GLOBAL CORD BLOOD CORPORATION COM,Health Care Providers & Services
DCGO,DOCGO INC COM,Health Care Providers & Services
ENZ,ENZO BIOCHEM INC COM,Health Care Providers & Services
EUDA,EUDA HEALTH HLDGS COM,Health Care Providers & Services
HWAIF,HEALWELL AI INC COM CL A,Health Care Providers & Services
IDXG,INTERPACE BIOSCIENCES INC COM,Health Care Providers & Services
LIFW,MSP RECOVERY INC COM CL A,Health Care Providers & Services
ME,23ANDME HLDG CO COM,Health Care Providers & Services
NVOS,NOVO INTEGRATED SCIENCES INC COM,Health Care Providers & Services
OPK,OPKO HEALTH INC COM,Health Care Providers & Services
OTRKP,ONTRAK INC 9.5% CUM PERP PDF STK SE *CLBL,Health Care Providers & Services
PIII,P3 HEALTH PARTNERS INC COM CL A,Health Care Providers & Services
PMD,PSYCHEMEDICS CORP COM,Health Care Providers & Services
PRE,PRENETICS GLOBAL LIMITED COM,Health Care Providers & Services
QIPT,QUIPT HOME MEDICAL CORP COM,Health Care Providers & Services
STRR,STAR EQUITY HOLDINGS INC COM,Health Care Providers & Services
SYRA,SYRA HEALTH CORP COM CL A,Health Care Providers & Services
TALK,TALKSPACE INC COM,Health Care Providers & Services
WGS,GENEDX HOLDINGS CORP COM CL A,Health Care Providers & Services
WHTCF,WELL HEALTH TECHNOLOGIES CORP COM,Health Care Providers & Services
BACK,IMAC HOLDINGS INC COM,Health Care Providers & Services
BICX,BIOCORRX INC COM,Health Care Providers & Services
CANO,CANO HEALTH INC COM CL A,Health Care Providers & Services
CYH,COMMUNITY HEALTH SYS INC COM,Health Care Providers & Services
RHE,REGIONAL HEALTH PROPERTIES INC COM NPV (POST REV SPLIT),Health Care Providers & Services
SSY,SUNLINK HEALTH SYSTEMS INC COM,Health Care Providers & Services
TOI,THE ONCOLOGY INSTITUTE INC COM,Health Care Providers & Services
CLOV,CLOVER HEALTH INVESTMENTS CORP COM CL A,Health Care Providers & Services
PFHO,PACIFIC HEALTH CAR COM,Health Care Providers & Services
ACON,ACLARION INC COM,Health Care Technology
AHI,ADVANCED HEALTH INTLGNCE LTD ADR SPONSORED,Health Care Technology
AMWL,AMERICAN WELL CORP COM CL A,Health Care Technology
AUGX,AUGMEDIX INC COM,Health Care Technology
BFRGW,BULLFROG AI HLDGS INC WARRANT,Health Care Technology
BTCY,BIOTRICITY INC COM,Health Care Technology
CCLD,CARECLOUD INC COM,Health Care Technology
CMPD,COMPUMED INC COM,Health Care Technology
DRIO,DARIOHEALTH CORP COM,Health Care Technology
ECSL,ECARE SOLUTIONS INC COM,Health Care Technology
FORA,FORIAN INC COM,Health Care Technology
HCTI,HEALTHCARE TRIANGLE INC COM,Health Care Technology
ICAD,ICAD INC COM,Health Care Technology
ICCT,ICORECONNECT INC COM,Health Care Technology
KSIOF,KNEAT COM INC COM,Health Care Technology
MEDS,TRXADE HEALTH INC COM,Health Care Technology
MPLN,MULTIPLAN CORPORATION COM,Health Care Technology
ONMD,ONEMEDNET CORP COM CL A,Health Care Technology
SHCR,SHARECARE INC COM COM CL A,Health Care Technology
SOPH,SOPHIA GENETICS SA COM,Health Care Technology
VHIBF,VITALHUB CORP COM,Health Care Technology
WORX,SCWORX CORP COM,Health Care Technology
AADI,AADI BIOSCIENCE INC COM,Biotechnology
ABEO,ABEONA THERAPEUTICS INC COM,Biotechnology
ABIO,ARCA BIOPHARMA INC COM,Biotechnology
ABOS,ACUMEN PHARMACEUTICALS INC COM,Biotechnology
ABSI,ABSCI CORP COM,Biotechnology
ABUS,ARBUTUS BIOPHARMA CORP COM,Biotechnology
ABVC,ABVC BIOPHARMA INC COM,Biotechnology
ACET,ADICET BIO INC COM,Biotechnology
ACHL,ACHILLES THERAPEUTICS PLC ADR,Biotechnology
ACHV,ACHIEVE LIFE SCIENCE INC COM,Biotechnology
ACIU,AC IMMUNE SA COM,Biotechnology
ACOGF,ALPHA COGNITION INC COM,Biotechnology
ACRV,ACRIVON THERAPEUTICS INC COM,Biotechnology
ACUT,ACCUSTEM SCIENCES INC COM,Biotechnology
ACXP,ACURX PHARMACEUTICALS INC COM,Biotechnology
ADAG,ADAGENE INC ADR,Biotechnology
ADAP,ADAPTIMMUNE THERAPEUTICS PLC ADR,Biotechnology
ADCT,ADC THERAPEUTICS SA COM,Biotechnology
ADTX,ADITX INC COM,Biotechnology
ADVM,ADVERUM BIOTECHNOLOGIES INC COM,Biotechnology
ADXS,AYALA PHARMACEUTICALS INC COM,Biotechnology
AEZS,AETERNA ZENTARIS INC COM,Biotechnology
AFMD,AFFIMED N V COM,Biotechnology
AGEN,AGENUS INC COM,Biotechnology
AIMD,AINOS INC COM,Biotechnology
AKBA,AKEBIA THERAPEUTICS INC COM,Biotechnology
AKTX,AKARI THERAPEUTICS PLC ADR,Biotechnology
ALDX,ALDEYRA THERAPEUTICS COM,Biotechnology
ALGS,ALIGOS THERAPEUTICS INC COM,Biotechnology
ALLK,ALLAKOS INC COM,Biotechnology
ALLO,ALLOGENE THERAPEUTICS INC COM,Biotechnology
ALVOW,ALVOTECH WARRANT,Biotechnology
ALVR,ALLOVIR INC COM,Biotechnology
ALZN,ALZAMEND NEURO INC COM,Biotechnology
AMRN,AMARIN CORP ADR SPONSORED,Biotechnology
ANIX,ANIXA BIOSCIENCES INC COM,Biotechnology
ANNX,ANNEXON INC COM,Biotechnology
APLM,APOLLOMICS INC COM CL A,Biotechnology
APLT,APPLIED THERAPEUTICS INC COM,Biotechnology
APM,APTORUM GROUP LIMITED COM CL A,Biotechnology
APTO,APTOSE BIOSCIENCES INC COM,Biotechnology
AQB,AQUABOUNTY TECHNOLOGIES INC COM,Biotechnology
ARMP,ARMATA PHARMACEUTICALS INC COM,Biotechnology
ASLN,ASLAN PHARMACEUTICALS LIMITED ADR,Biotechnology
ASMB,ASSEMBLY BIOSCIENCES INC COM,Biotechnology
ATHE,ALTERITY THERAPEUTICS LIMITED ADR SPONSORED,Biotechnology
ATOS,ATOSSA THERAPEUTICS INC COM,Biotechnology
ATRA,ATARA BIOTHERAPEUTICS INC COM,Biotechnology
AVRO,AVROBIO INC COM,Biotechnology
AVTX,AVALO THERAPEUTICS INC COM,Biotechnology
AZTR,AZITRA INC COM,Biotechnology
BBLG,BONE BIOLOGICS CORP COM,Biotechnology
BCAB,BIOATLA INC COM,Biotechnology
BCTX,BRIACELL THERAPEUTICS CORP NEW COM,Biotechnology
BDRX,BIODEXA PHARMACEUTICALS PLC ADR,Biotechnology
BDTX,BLACK DIAMOND THERAPEUTICS INC COM,Biotechnology
BIAF,BIOAFFINITY TECHNOLOGIES INC COM,Biotechnology
BIOR,BIORA THERAPEUTICS INC COM,Biotechnology
BIVI,BIOVIE INC COM CL A,Biotechnology
BLRX,BIOLINE RX LTD ADR SPONSORED,Biotechnology
BLUE,BLUEBIRD BIO INC COM,Biotechnology
BNOX,BIONOMICS LTD ADR,Biotechnology
BNR,BURNING ROCK BIOTECH LTD ADR,Biotechnology
BNTC,BENITEC BIOPHARMA INC COM,Biotechnology
BOLT,BOLT BIOTHERAPEUTICS INC COM,Biotechnology
BPTS,BIOPHYTIS ADR SPONSORED,Biotechnology
BRNS,BARINTHUS BIOTHERAPEUTICS PLC ADR,Biotechnology
BRTX,BIORESTORATIVE THERAPIES INC COM,Biotechnology
BTAI,BIOXCEL THERAPEUTICS INC COM,Biotechnology
BYSI,BEYONDSPRING INC COM,Biotechnology
CADL,CANDEL THERAPEUTICS INC COM,Biotechnology
CANF,CAN FITE BIOPHARMA LTD ADR SPONSORED,Biotechnology
CAPR,CAPRICOR THERAPEUTICS INC COM,Biotechnology
CARM,CARISMA THERAPEUTICS INC COM,Biotechnology
CATX,PERSPECTIVE THERAPEUTICS INC COM,Biotechnology
CDIO,CARDIO DIAGNOSTICS HLDGS INC COM,Biotechnology
CDTX,CIDARA THERAPEUTICS INC COM,Biotechnology
CELZ,CREATIVE MEDICAL TECH HOLDING COM,Biotechnology
CHRS,COHERUS BIOSCIENCES INC COM,Biotechnology
CKPT,CHECKPOINT THERAPEUTICS INC COM,Biotechnology
CLDI,CALIDI BIOTHERAPEUTICS INC COM,Biotechnology
CLGN,COLLPLANT BIOTECHNOLOGIES LTD COM,Biotechnology
CLLS,CELLECTIS ADR SPONSORED,Biotechnology
CLNN,CLENE INC COM,Biotechnology
CLRB,CELLECTAR BIOSCIENCES INC COM,Biotechnology
CMMB,CHEMOMAB THERAPEUTICS LTD ADR,Biotechnology
CMPX,COMPASS THERAPEUTICS INC COM,Biotechnology
CMRX,CHIMERIX INC COM,Biotechnology
CNTB,CONNECT BIOPHARMA HLDGS LTD ADR,Biotechnology
COEP,COEPTIS THERAPEUTICS HLDGS INC COM,Biotechnology
COGT,COGENT BIOSCIENCES INC COM,Biotechnology
CRDF,CARDIFF ONCOLOGY INC COM,Biotechnology
CRVS,CORVUS PHARMACEUTICALS INC COM,Biotechnology
CTCX,CARMELL CORPORATION COM,Biotechnology
CTMX,CYTOMX THERAPEUTICS INC COM,Biotechnology
CUE,CUE BIOPHARMA INC COM,Biotechnology
CVAC,CUREVAC N V COM,Biotechnology
CVALF,COVALON TECHNOLOGIES LTD COM,Biotechnology
CVM,CEL-SCI CORP COM,Biotechnology
CWBR,COHBAR INC COM,Biotechnology
CYCC,CYCLACEL PHARMACEUTICALS INC COM,Biotechnology
CYCN,CYCLERION THERAPEUTICS INC COM,Biotechnology
CYT,CYTEIR THERAPEUTICS INC COM,Biotechnology
CYTH,CYCLO THERAPEUTICS INC COM,Biotechnology
DBVT,DBV TECHNOLOGIES ADR SPONSORED,Biotechnology
DMAC,DIAMEDICA THERAPEUTICS INC COM,Biotechnology
DMTK,DERMTECH INC COM,Biotechnology
DOMH,DOMINARI HOLDINGS INC COM,Biotechnology
DRMA,DERMATA THERAPEUTICS INC COM,Biotechnology
DRUG,BRIGHT MINDS BIOSCIENCES INC COM,Biotechnology
DSGN,DESIGN THERAPEUTICS INC COM,Biotechnology
DTCFF,DEFENCE THERAPEUTICS INC COM CL A,Biotechnology
DYAI,DYADIC INTERNATIONAL INC COM,Biotechnology
EBS,EMERGENT BIOSOLUTIONS INC COM,Biotechnology
EDSA,EDESA BIOTECH INC COM,Biotechnology
ELDN,ELEDON PHARMACEUTICALS INC COM,Biotechnology
ELEV,ELEVATION ONCOLOGY INC COM,Biotechnology
ELTX,ELICIO THERAPEUTICS INC COM,Biotechnology
ELUT,ELUTIA INC COM CL A,Biotechnology
ELYM,ELIEM THERAPEUTICS INC COM,Biotechnology
ENLV,ENLIVEX THERAPEUTICS LTD COM,Biotechnology
ENSC,ENSYSCE BIOSCIENCES INC COM,Biotechnology
ENTX,ENTERA BIO LTD COM,Biotechnology
EQ,EQUILLIUM INC COM,Biotechnology
ERAS,ERASCA INC COM,Biotechnology
ERNA,ETERNA THERAPEUTICS INC COM,Biotechnology
ESLA,ESTRELLA IMMUNOPHARMA INC COM,Biotechnology
EVGN,EVOGENE LTD COM,Biotechnology
FATE,FATE THERAPEUTICS COM,Biotechnology
FBIO,FORTRESS BIOTECH INC COM,Biotechnology
FBRX,FORTE BIOSCIENCES INC COM,Biotechnology
FGEN,FIBROGEN INC COM,Biotechnology
FHTX,FOGHORN THERAPEUTICS INC COM,Biotechnology
FIXX,HOMOLOGY MEDICINES INC COM,Biotechnology
FNCH,FINCH THERAPEUTICS GROUP INC COM,Biotechnology
FRTX,FRESH TRACKS THERAPEUTICS INC COM,Biotechnology
FWBI,FIRST WAVE BIOPHARMA INC COM,Biotechnology
GALT,GALECTIN THERAPEUTICS INC COM,Biotechnology
GANX,GAIN THERAPEUTICS INC COM,Biotechnology
GBIO,GENERATION BIO CO COM,Biotechnology
GDTC,CYTOMED THERAPEUTICS COM,Biotechnology
GERN,GERON CORP COM,Biotechnology
GLTO,GALECTO INC COM,Biotechnology
GLYC,GLYCOMIMETICS INC COM,Biotechnology
GNFT,GENFIT ADR SPONSORED,Biotechnology
GNTA,GENENTA SCIENCE SPA ADR,Biotechnology
GOSS,GOSSAMER BIO INC COM,Biotechnology
GRPH,GRAPHITE BIO INC COM,Biotechnology
GRTS,GRITSTONE BIO INC COM,Biotechnology
GTH,GENETRON HOLDINGS LIMITED ADR,Biotechnology
GTHX,G1 THERAPEUTICS IN COM,Biotechnology
HCWB,HCW BIOLOGICS INC COM,Biotechnology
HOOK,HOOKIPA PHARMA INC COM,Biotechnology
HOWL,WEREWOLF THERAPEUTICS INC COM,Biotechnology
HRGN,HARVARD APPARATUS REGENERATIVE COM,Biotechnology
HRTX,HERON THERAPEUTICS INC COM,Biotechnology
HSTC,HST GLOBAL INC COM,Biotechnology
HUMA,HUMACYTE INC COM,Biotechnology
IBIO,IBIO INC COM,Biotechnology
IBRX,IMMUNITYBIO INC COM,Biotechnology
IDRSF,IDORSIA LTD COM,Biotechnology
IFRX,INFLARX N V COM,Biotechnology
IKT,INHIBIKASE THERAPEUTICS INC COM,Biotechnology
IMAB,I MAB ADR,Biotechnology
IMMP,IMMUTEP LTD ADR SPONSORED,Biotechnology
IMMX,IMMIX BIOPHARMA INC COM,Biotechnology
IMNN,IMUNON INC COM,Biotechnology
IMRN,IMMURON LIMITED ADR SPONSORED,Biotechnology
IMUX,IMMUNIC INC COM,Biotechnology
INAB,IN8BIO INC COM,Biotechnology
INDP,INDAPTUS THERAPEUTICS INC COM,Biotechnology
INKT,MINK THERAPEUTICS INC COM,Biotechnology
INTS,INTENSITY THERAPEUTICS INC COM,Biotechnology
INZY,INOZYME PHARMA INC COM,Biotechnology
IOBT,IO BIOTECH INC COM,Biotechnology
IPHA,INNATE PHARMA ADR SPONSORED,Biotechnology
IPSC,CENTURY THERAPEUTICS INC COM,Biotechnology
IVA,INVENTIVA SA ADR SPONSORED,Biotechnology
IVVD,INVIVYD INC COM,Biotechnology
KA,KINETA INC COM,Biotechnology
KNTE,KINNATE BIOPHARMA INC COM,Biotechnology
KOD,KODIAK SCIENCES INC COM,Biotechnology
KPTI,KARYOPHARM THERAPEUTICS INC COM,Biotechnology
KRBP,KIROMIC BIOPHARMA INC COM,Biotechnology
KRON,KRONOS BIO INC COM,Biotechnology
KZR,KEZAR LIFE SCIENCES INC COM,Biotechnology
LADX,LADRX CORP COM,Biotechnology
LCTX,LINEAGE CELL THERAPEUTICS INC COM,Biotechnology
LGVN,LONGEVERON INC COM,Biotechnology
LIAN,LIANBIO ADR,Biotechnology
LIFE,ATYR PHARMA INC COM,Biotechnology
LIPO,LIPELLA PHARMACEUTICALS INC COM,Biotechnology
LIXT,LIXTE BIOTECHNOLOG COM,Biotechnology
LPTX,LEAP THERAPEUTICS INC COM,Biotechnology
LRMR,LARIMAR THERAPEUTICS INC COM,Biotechnology
LSTA,LISATA THERAPEUTICS INC COM,Biotechnology
LTRN,LANTERN PHARMA INC COM,Biotechnology
LUMO,LUMOS PHARMA INC COM,Biotechnology
LVTX,LAVA THERAPEUTICS NV COM,Biotechnology
LXRX,LEXICON PHARMACEUTICALS INC COM,Biotechnology
LYEL,LYELL IMMUNOPHARMA INC COM,Biotechnology
MAIA,MAIA BIOTECHNOLOGY INC COM,Biotechnology
MBIO,MUSTANG BIO INC COM,Biotechnology
MCRB,SERES THERAPEUTICS COM,Biotechnology
MCUJF,MEDICURE INC COM,Biotechnology
MDXH,MDXHEALTH COM,Biotechnology
MEIP,MEI PHARMA INC COM,Biotechnology
MESO,MESOBLAST LTD ADR SPONSORED,Biotechnology
MNKD,MANNKIND CORPORATION COM,Biotechnology
MNOV,MEDICINOVA INC COM,Biotechnology
MOLN,MOLECULAR PARTNERS AG ADR SPONSORED,Biotechnology
MREO,MEREO BIOPHARMA GROUP PLC ADR,Biotechnology
MRKR,MARKER THERAPEUTICS INC COM,Biotechnology
MRSN,MERSANA THERAPEUTICS INC COM,Biotechnology
MTEM,MOLECULAR TEMPLATES INC COM,Biotechnology
MURA,MURAL ONCOLOGY PUB LTD COM,Biotechnology
MYNZ,MAINZ BIOMED NV COM,Biotechnology
NBSE,NEUBASE THERAPEUTICS INC COM,Biotechnology
NKGN,NKGEN BIOTECH INC COM,Biotechnology
NNVC,NANOVIRICIDES INC COM,Biotechnology
NRBO,NEUROBO PHARMA COM,Biotechnology
NRSN,NEUROSENSE THERAPEUTICS LTD COM,Biotechnology
NTBL,NOTABLE LABS LTD COM,Biotechnology
NVAX,NOVAVAX INC COM,Biotechnology
NWBO,NORTHWEST BIOTHERAPEUTICS INC COM,Biotechnology
NXTC,NEXTCURE INC COM,Biotechnology
OCEA,OCEAN BIOMEDICAL INC COM,Biotechnology
OCEL,ORGANICELL REGENERATIVE MEDICI COM,Biotechnology
OCGN,OCUGEN INC COM,Biotechnology
OCX,ONCOCYTE CORP COM,Biotechnology
OGEN,ORAGENICS INC COM,Biotechnology
OKYO,OKYO PHARMA CORP COM,Biotechnology
OMGA,OMEGA THERAPEUTICS INC COM,Biotechnology
ONCY,ONCOLYTICS BIOTECH INC COM,Biotechnology
ONVO,ORGANOVO HLDGS INC COM,Biotechnology
OPT,OPTHEA LIMITED ADR SPONSORED,Biotechnology
ORGO,ORGANOGENESIS HOLDINGS INC COM,Biotechnology
OVID,OVID THERAPEUTICS INC COM,Biotechnology
PASG,PASSAGE BIO INC COM,Biotechnology
PBLA,PANBELA THERAPEUTICS INC COM,Biotechnology
PBYI,PUMA BIOTECHNOLOGY INC COM,Biotechnology
PGEN,PRECIGEN INC COM,Biotechnology
PHIO,PHIO PHARMACEUTICALS CORP COM,Biotechnology
PHXM,PHAXIAM THERAPEUTICS S A ADR SPONSORED,Biotechnology
PLUR,PLURI INC COM,Biotechnology
PLX,PROTALIX BIOTHERAPEUTICS INC COM,Biotechnology
PMCB,PHARMACYTE BIOTECH INC COM,Biotechnology
PMN,PROMIS NEUROSCIENCES INC COM,Biotechnology
PMVP,PMV PHARMACEUTICALS INC COM,Biotechnology
PRLD,PRELUDE THERAPEUTICS INC COM,Biotechnology
PROK,PROKIDNEY CORP COM CL A,Biotechnology
PRQR,PROQR THERAPEUTICS N V COM,Biotechnology
PRTG,PORTAGE BIOTECH INC COM,Biotechnology
PSTV,PLUS THERAPEUTICS INC COM,Biotechnology
PSTX,POSEIDA THERAPETUICS INC COM,Biotechnology
PTIX,PROTAGENIC THERAPEUTICS INC COM,Biotechnology
PTN,PALATIN TECHNOLOGIES INC COM,Biotechnology
PYXS,PYXIS ONCOLOGY INC COM,Biotechnology
QNCX,CORTEXYME INC COM,Biotechnology
QNRX,QUOIN PHARMACEUTICALS LTD ADR,Biotechnology
RENB,RENOVARO BIOSCIENCES INC COM,Biotechnology
RGLS,REGULUS THERAPEUTICS INC COM,Biotechnology
RIGL,RIGEL PHARMACEUTICALS INC COM,Biotechnology
RLYB,RALLYBIO CORP COM,Biotechnology
RNAC,CARTESIAN THERAPEUTICS INC COM,Biotechnology
RNAZ,TRANSCODE THERAPEUTICS INC COM,Biotechnology
RNXT,RENOVORX INC COM,Biotechnology
RPHM,RENEO PHARMACEUTIC COM,Biotechnology
RZLT,REZOLUTE INC COM,Biotechnology
SCNI,SCINAI IMMUNOTHERAPEUTICS LTD ADR SPONSORED,Biotechnology
SILO,SILO PHARMA INC COM,Biotechnology
SKYE,SKYE BIOSCIENCE INC COM,Biotechnology
SLRX,SALARIUS PHARMACEUTICALS INC COM,Biotechnology
SLS,SELLAS LIFE SCIENCES GROUP INC COM,Biotechnology
SMMT,SUMMIT THERAPEUTICS INC COM,Biotechnology
SNGX,SOLIGENIX INC COM,Biotechnology
SNSE,SENSEI BIOTHERAPEUTICS INC COM,Biotechnology
SONN,SONNET BIOTHERAPEUTICS HLDGS I COM,Biotechnology
SPRB,SPRUCE BIOSCIENCES INC COM,Biotechnology
SPRO,SPERO THERAPEUTICS INC COM,Biotechnology
STOK,STOKE THERAPEUTICS INC COM,Biotechnology
STRO,SUTRO BIOPHARMA INC COM,Biotechnology
SVRA,SAVARA INC COM,Biotechnology
SYBX,SYNLOGIC INC COM,Biotechnology
TARA,PROTARA THERAPEUTICS INC COM,Biotechnology
TCBP,TC BIOPHARM HLDGS LTD ADR,Biotechnology
THTX,THERATECHNOLOGIES INC COM,Biotechnology
TLSA,TIZIANA LIFE SCIENCES LTD COM,Biotechnology
TLSIW,TRISALUS LIFE SCIENCES INC WARRANT,Biotechnology
TNYA,TENAYA THERAPEUTICS INC COM,Biotechnology
TPST,TEMPEST THERAPEUTICS INC COM,Biotechnology
TRVN,TREVENA INC COM,Biotechnology
TSBX,TURNSTONE BIOLOGICS CORP COM,Biotechnology
TSHA,TAYSHA GENE THERAPIES INC COM,Biotechnology
TSVT,2SEVENTY BIO INC COM,Biotechnology
TTOO,T2 BIOSYSTEMS INC COM,Biotechnology
UBX,UNITY BIOTECHNOLOGY INC COM,Biotechnology
UNCY,UNICYCIVE THERAPEUTICS INC COM,Biotechnology
VAXX,VAXXINITY INC COM CL A,Biotechnology
VBIV,VBI VACCINES INC CDA COM,Biotechnology
VCNX,VACCINEX INC COM,Biotechnology
VIGL,VIGIL NEUROSCIENCE INC COM,Biotechnology
VINC,VINCERX PHARMA INC COM,Biotechnology
VIRX,VIRACTA THERAPEUTICS INC COM,Biotechnology
VNDA,VANDA PHARMACE INC COM,Biotechnology
VOR,VOR BIOPHARMA INC COM,Biotechnology
VTGN,VISTAGEN THERAPEUTICS INC COM,Biotechnology
VXRT,VAXART INC COM,Biotechnology
XBIO,XENETIC BIOSCIENCES INC COM,Biotechnology
XBIT,XBIOTECH INC COM,Biotechnology
XCUR,EXICURE INC COM,Biotechnology
XFOR,X4 PHARMACEUTICALS INC COM,Biotechnology
XGN,EXAGEN INC COM,Biotechnology
XLO,XILIO THERAPEUTICS INC COM,Biotechnology
XTLB,XTL BIOPHARMACEUTICALS LTD ADR SPONSORED,Biotechnology
YECO,YULONG ECO-MATERIALS LIMITED COM,Biotechnology
ZURA,ZURA BIO LIMITED COM CL A,Biotechnology
ZVSA,ZYVERSA THERAPEUTICS INC COM,Biotechnology
ACRS,ACLARIS THERAPEUTICS INC COM,Pharmaceuticals
ACST,ACASTI PHARMA INC COM CL A,Pharmaceuticals
ADIL,ADIAL PHARMACEUTICALS INC COM,Pharmaceuticals
AGRX,AGILE THERAPEUTICS INC COM,Pharmaceuticals
ALIM,ALIMERA SCIENCES INC COM,Pharmaceuticals
AMPE,AMPIO PHARMACEUTICALS INC COM,Pharmaceuticals
ANEB,ANEBULO PHARMACEUTICALS INC COM,Pharmaceuticals
AQST,AQUESTIVE THERAPEUTICS INC COM,Pharmaceuticals
ARTL,ARTELO BIOSCIENCES INC COM,Pharmaceuticals
ASRT,ASSERTIO HOLDINGS INC COM,Pharmaceuticals
ATAI,ATAI LIFE SCIENCES COM,Pharmaceuticals
ATBPF,ANTIBE THERAPEUTICS INC COM,Pharmaceuticals
ATHA,ATHIRA PHARMA INC COM,Pharmaceuticals
AVIR,ATEA PHARMACEUTICALS INC COM,Pharmaceuticals
AYRWF,AYR WELLNESS INC COM,Pharmaceuticals
AYTU,AYTU BIOPHARMA INC COM,Pharmaceuticals
BFRI,BIOFRONTERA INC COM,Pharmaceuticals
BTMD,BIOTE CORP COM,Pharmaceuticals
CARA,CARA THERAPEUTICS INC COM,Pharmaceuticals
CGC,CANOPY GROWTH CORPORATION COM,Pharmaceuticals
CGTX,COGNITION THERAPEUTICS INC COM,Pharmaceuticals
CING,CINGULATE INC COM,Pharmaceuticals
CLSD,CLEARSIDE BIOMEDICAL INC COM,Pharmaceuticals
CLVR,CLEVER LEAVES HOLDINGS INC COM,Pharmaceuticals
CMND,CLEARMIND MEDICINE INC COM,Pharmaceuticals
CNTX,CONTEXT THERAPEUTICS INC COM,Pharmaceuticals
COCP,COCRYSTAL PHARMA INC COM,Pharmaceuticals
CPHRF,CIPHER PHARMACEUTICALS INC COM,Pharmaceuticals
CPIX,CUMBERLAND PHARMACEUTICALS INC COM,Pharmaceuticals
CRDL,CARDIOL THERAPEUTICS INC COM CL A,Pharmaceuticals
CRLBF,CRESCO LABS INC COM,Pharmaceuticals
CRMD,CORMEDIX INC COM,Pharmaceuticals
CRON,CRONOS GROUP INC COM,Pharmaceuticals
CTXR,CITIUS PHARMACEUTICALS INC COM,Pharmaceuticals
CVKD,CADRENAL THERAPEUTICS INC COM,Pharmaceuticals
CYTO,ALTAMIRA THERAPEUTICS LTD COM,Pharmaceuticals
DMK,DMK PHARMACEUTICALS CORP COM,Pharmaceuticals
DRRX,DURECT CORP COM,Pharmaceuticals
ELOX,ELOXX PHARMACEUTICALS INC COM,Pharmaceuticals
ENVB,ENVERIC BIOSCI COM,Pharmaceuticals
ESPR,ESPERION THERAPEUTICS INC COM,Pharmaceuticals
ETON,ETON PHARMACEUTICALS INC COM,Pharmaceuticals
EVOK,EVOKE PHARMA INC COM,Pharmaceuticals
EYEN,EYENOVIA INC COM,Pharmaceuticals
HEPA,HEPION PHARMACEUTICALS INC COM,Pharmaceuticals
HITI,HIGH TIDE INC COM,Pharmaceuticals
HOTH,HOTH THERAPEUTICS INC COM,Pharmaceuticals
HUGE,FSD PHARMA INC COM CL B,Pharmaceuticals
IKNA,IKENA ONCOLOGY INC COM,Pharmaceuticals
INCR,INTERCURE LTD COM,Pharmaceuticals
ITRM,ITERUM THERAPEUTICS PLC COM,Pharmaceuticals
IXHL,INCANNEX HEALTHCARE INC COM,Pharmaceuticals
JUSHF,JUSHI HOLDINGS INC COM CL B,Pharmaceuticals
KHTRF,KNIGHT THERAPEUTICS INC COM,Pharmaceuticals
KPRX,KIORA PHARMACEUTICALS INC COM,Pharmaceuticals
LABP,LANDOS BIOPHARMA INC COM,Pharmaceuticals
LEXX,LEXARIA BIOSCIENCE CORP COM,Pharmaceuticals
LEXXW,LEXARIA BIOSCIENCE CORP WARRANT,Pharmaceuticals
LOVFF,CANNARA BIOTECH INC COM,Pharmaceuticals
LPCN,LIPOCINE INC COM,Pharmaceuticals
LYRA,LYRA THERAPEUTICS INC COM,Pharmaceuticals
MEDXF,MEDEXUS PHARMACEUTICALS INC COM,Pharmaceuticals
MILFF,1CM INC COM,Pharmaceuticals
MIRA,MIRA PHARMACEUTICALS INC COM,Pharmaceuticals
MIST,MILESTONE PHARMACEUTICALS INC COM,Pharmaceuticals
MNMD,MIND MEDICINE (MINDMED) INC COM,Pharmaceuticals
NGENF,NERVGEN PHARMA CORP COM,Pharmaceuticals
NGM,NGM BIOPHARMACEUTICALS INC COM,Pharmaceuticals
NKTR,NEKTAR THERAPEUTICS COM,Pharmaceuticals
NTRB,NUTRIBAND INC COM,Pharmaceuticals
NUVB,NUVATION BIO INC COM CL A,Pharmaceuticals
OCSAW,OCULIS HOLDING AG WARRANT,Pharmaceuticals
OCUL,OCULAR THERAPEUTIX INC COM,Pharmaceuticals
OCUP,OCUPHIRE PHARMA INC COM,Pharmaceuticals
OGI,ORGANIGRAM HOLDINGS INC COM,Pharmaceuticals
OMER,OMEROS CORP COM,Pharmaceuticals
ONTX,ONCONOVA THERAPEUTICS INC COM,Pharmaceuticals
OPTN,OPTINOSE INC COM,Pharmaceuticals
ORMP,ORAMED PHARMACEUTICALS INC COM,Pharmaceuticals
PALI,PALISADE BIO INC COM,Pharmaceuticals
PCSA,PROCESSA PHARMACEUTICALS INC COM,Pharmaceuticals
PLNH,PLANET 13 HOLDINGS INC COM,Pharmaceuticals
PPBT,PURPLE BIOTECH LTD ADR SPONSORED,Pharmaceuticals
PRFX,PAINREFORM LTD COM,Pharmaceuticals
PROC,PROCAPS GROUP COM USD0.01,Pharmaceuticals
PRPH,PROPHASE LABS INC COM,Pharmaceuticals
PRTT,PROTECT PHARMAS CORP COM,Pharmaceuticals
PTPI,PETROS PHARMACEUTICALS INC COM,Pharmaceuticals
PULM,PULMATRIX INCORPORATED COM,Pharmaceuticals
PXMD,PAXMEDICA INC COM,Pharmaceuticals
QLI,QILIAN INTL HLDG GROUP LTD COM,Pharmaceuticals
RAIN,RAIN ONCOLOGY INC MRG $1.16 & 1:1 1/29/24,Pharmaceuticals
RANI,RANI THERAPEUTICS HLDGS INC COM CL A,Pharmaceuticals
RDHL,REDHILL BIOPHARMA LTD ADR,Pharmaceuticals
RLMD,RELMADA THERAPEUTICS INC COM,Pharmaceuticals
RVPH,REVIVA PHARMACEUTCLS HLDGS INC COM,Pharmaceuticals
RVPHW,REVIVA PHARMACEUTCLS HLDGS INC WARRANT,Pharmaceuticals
SCLX,SCILEX HOLDING COMPANY COM,Pharmaceuticals
SCYX,SCYNEXIS INC COM,Pharmaceuticals
SEEL,SEELOS THERAPEUTICS INC COM,Pharmaceuticals
SHWZ,MEDICINE MAN TECHNOLOGIES INC COM,Pharmaceuticals
SLGL,SOL GEL TECHNOLOGIES LTD COM,Pharmaceuticals
SNDL,SNDL INC COM,Pharmaceuticals
SNES,SENESTECH INC COM,Pharmaceuticals
SPHRY,STARPHARMA HOLDINGS LIMITED ADR SPONSORED,Pharmaceuticals
SPRC,SCISPARC LTD COM,Pharmaceuticals
SXTC,CHINA SXT PHARMACEUTICALS INC COM,Pharmaceuticals
SXTP,60 DEGREES PHARMACEUTICALS INC COM,Pharmaceuticals
THRX,THESEUS PHARMACEUTICALS INC COM,Pharmaceuticals
TLRY,TILRAY BRANDS INC COM,Pharmaceuticals
TRVI,TREVI THERAPEUTICS INC COM,Pharmaceuticals
TSNDF,TERRASCEND CORP COM,Pharmaceuticals
TXMD,THERAPEUTICSMD INC COM,Pharmaceuticals
UPC,UNIVERSE PHARMACEUTICALS INC COM,Pharmaceuticals
VTYX,VENTYX BIOSCIENCES INC COM,Pharmaceuticals
VYNE,VYNE THERAPEUTICS INC COM,Pharmaceuticals
WVE,WAVE LIFE SCIENCES LTD COM,Pharmaceuticals
XERS,XERIS BIOPHARMA HLDGS INC COM,Pharmaceuticals
XRTX,XORTX THERAPEUTICS INC COM,Pharmaceuticals
YCBD,CBDMD INC COM,Pharmaceuticals
ACHFF,ARCH BIOPARTNERS INC COM,Life Sciences Tools & Services
ADPT,ADAPTIVE BIOTECHNOLOGIES CORP COM,Life Sciences Tools & Services
AKYA,AKOYA BIOSCIENCES INC COM,Life Sciences Tools & Services
APDN,APPLIED DNA SCIENCES INC COM,Life Sciences Tools & Services
BNGO,BIONANO GENOMICS INC COM,Life Sciences Tools & Services
CDT,CONDUIT PHARMACEUTICALS INC COM,Life Sciences Tools & Services
CDXC,CHROMADEX CORPORATION COM,Life Sciences Tools & Services
CDXS,CODEXIS INC COM,Life Sciences Tools & Services
CGEN,COMPUGEN COM,Life Sciences Tools & Services
GENE,GENETIC TECH ADR SPONSORED,Life Sciences Tools & Services
HBIO,HARVARD BIOSCIENCE INC COM,Life Sciences Tools & Services
IPA,IMMUNOPRECISE ANTIBODIES LTD COM,Life Sciences Tools & Services
LAB,STANDARD BIOTOOLS INC COM,Life Sciences Tools & Services
NAUT,NAUTILUS BIOTECHNOLOGY INC COM,Life Sciences Tools & Services
NOTV,INOTIV INC COM,Life Sciences Tools & Services
PBSV,PHARMA-BIO SERVICES INC COM,Life Sciences Tools & Services
PSNL,PERSONALIS INC COM,Life Sciences Tools & Services
QSI,QUANTUM-SI INC COM CL A,Life Sciences Tools & Services
RPID,RAPID MICRO BIOSYSTEMS INC COM,Life Sciences Tools & Services
SEER,SEER INC COM CL A,Life Sciences Tools & Services
SEQL,SEQLLL INC COM,Life Sciences Tools & Services
SNCE,SCIENCE 37 HLDGS INC COM,Life Sciences Tools & Services
TKNO,ALPHA TEKNOVA INC COM,Life Sciences Tools & Services
ASYS,AMTECH SYSTEMS INC COM,Semiconductors & Semiconductor Equipment
AXTI,AXT INC COM,Semiconductors & Semiconductor Equipment
CVV,CVD EQUIPMENT CORP COM,Semiconductors & Semiconductor Equipment
RBCN,RUBICON TECHNOLOGY INC COM,Semiconductors & Semiconductor Equipment
RNWEY,REC SILICON ASA ADR UNSPONSORED,Semiconductors & Semiconductor Equipment
AMSSY,AMS OSRAM AG ADR UNSPONSORED,Semiconductors & Semiconductor Equipment
ASTI,ASCENT SOLAR TECHNOLOGIES INC COM,Semiconductors & Semiconductor Equipment
GSIT,GSI TECHNOLOGY INC COM,Semiconductors & Semiconductor Equipment
GUER,GUERRILLA RF INC COM,Semiconductors & Semiconductor Equipment
KOPN,KOPIN CORP COM,Semiconductors & Semiconductor Equipment
LAES,SEALSQ CORP COM,Semiconductors & Semiconductor Equipment
LEDS,SEMILEDS CORPORATION COM,Semiconductors & Semiconductor Equipment
MAXN,MAXEON SOLAR TECH LTD COM,Semiconductors & Semiconductor Equipment
MOBX,MOBIX LABS INC COM CL A,Semiconductors & Semiconductor Equipment
NA,NANO LABS LTD ADR,Semiconductors & Semiconductor Equipment
POET,POET TECHNOLOGIES INC COM,Semiconductors & Semiconductor Equipment
PXLW,PIXELWORKS INC COM,Semiconductors & Semiconductor Equipment
RGTI,RIGETTI COMPUTING INC COM,Semiconductors & Semiconductor Equipment
SPI,SPI ENERGY CO LTD COM,Semiconductors & Semiconductor Equipment
SQNS,SEQUANS COMMUNICATIONS ADR,Semiconductors & Semiconductor Equipment
TGAN,TRANSPHORM INC COM,Semiconductors & Semiconductor Equipment
VLN,VALENS SEMICONDUCTOR LTD COM,Semiconductors & Semiconductor Equipment
WKEY,WISEKEY INTERNATIONAL HLDG LTD ADR SPONSORED,Semiconductors & Semiconductor Equipment